x_m,r_m
0.000000000000000000e+00,0.000000000000000000e+00
2.467198171341999924e-04,3.546826984265694441e-03
9.866357858642205159e-04,7.086211677636568632e-03
2.219017698460001853e-03,1.061070791362698357e-02
3.942649342761062048e-03,1.411286164945973684e-02
6.155829702431114825e-03,1.758520671212169748e-02
8.856374635655639427e-03,2.102026015688576374e-02
1.204161903062628269e-02,2.441051709443755116e-02
1.570841943568446197e-02,2.774844482934574544e-02
1.985315716152846743e-02,3.102647613479888114e-02
2.447174185242323441e-02,3.423700146547063727e-02
2.955961552288727257e-02,3.737235988097637601e-02
3.511175705587427087e-02,4.042482841519339648e-02
4.112268715800942998e-02,4.338660957980162991e-02
4.758647376699021159e-02,4.624981663121348341e-02
5.449673790581605060e-02,4.900645615520200088e-02
6.184665997806820803e-02,5.164840742845785981e-02
6.962898649802817808e-02,5.416739789488357604e-02
7.783603724899246235e-02,5.655497393832479430e-02
8.645971286271908474e-02,5.880246593119858867e-02
9.549150281252627437e-02,6.090094627420702955e-02
1.049224938121547934e-01,6.284117879369509330e-02
1.147433786121053734e-01,6.461355739845797697e-02
1.249444651847702037e-01,6.620803127110709563e-02
1.355156862892942238e-01,6.761401301337517655e-02
1.464466094067262136e-01,6.882026498012205895e-02
1.577264470356556925e-01,6.981475737198789000e-02
1.693440673381740313e-01,7.058448927782523530e-02
1.812880051256551273e-01,7.111526039607707350e-02
1.935464731735117572e-01,7.139137602220846368e-02
2.061073738537633759e-01,7.142857142857142461e-02
2.189583110739346528e-01,7.142857142857142461e-02
2.320866025105017272e-01,7.142857142857142461e-02
2.454792921248143966e-01,7.142857142857142461e-02
2.591231629491423938e-01,7.142857142857142461e-02
2.730047501302266255e-01,7.142857142857142461e-02
2.871103542174636702e-01,7.142857142857142461e-02
3.014260546826097453e-01,7.142857142857142461e-02
3.159377236576609294e-01,7.142857142857142461e-02
3.306310398773542603e-01,7.142857142857142461e-02
3.454915028125262744e-01,7.142857142857142461e-02
3.605044469803852514e-01,7.142857142857142461e-02
3.756550564175726303e-01,7.142857142857142461e-02
3.909283793017286346e-01,7.142857142857142461e-02
4.063093427071376440e-01,7.142857142857142461e-02
4.217827674798845239e-01,7.142857142857142461e-02
4.373333832178477598e-01,7.142857142857142461e-02
4.529458433407428375e-01,7.142857142857142461e-02
4.686047402353432645e-01,7.142857142857142461e-02
4.842946204609357985e-01,7.142857142857142461e-02
4.999999999999999445e-01,7.142857142857142461e-02
5.157053795390641460e-01,7.142857142857142461e-02
5.313952597646567355e-01,7.142857142857142461e-02
5.470541566592571625e-01,7.142857142857142461e-02
5.626666167821521292e-01,7.142857142857142461e-02
5.782172325201153651e-01,7.142857142857142461e-02
5.936906572928623005e-01,7.142857142857142461e-02
6.090716206982711434e-01,7.142857142857142461e-02
6.243449435824274252e-01,7.142857142857142461e-02
6.394955530196145821e-01,7.142857142857142461e-02
6.545084971874735036e-01,7.142857142857142461e-02
6.693689601226456842e-01,7.142857142857142461e-02
6.840622763423388486e-01,7.142857142857142461e-02
6.985739453173903657e-01,7.142857142857142461e-02
7.128896457825363298e-01,7.123723349773486424e-02
7.269952498697733745e-01,7.060213392953405831e-02
7.408768370508577172e-01,6.956257739896716530e-02
7.545207078751856589e-01,6.815959528221601782e-02
7.679133974894984949e-01,6.643335328869746925e-02
7.810416889260654028e-01,6.442295652845136944e-02
7.938926261462364575e-01,6.216627451476096355e-02
8.064535268264882983e-01,5.969978671361227118e-02
8.187119948743448727e-01,5.705844903660037964e-02
8.306559326618259131e-01,5.427558145946777268e-02
8.422735529643443630e-01,5.138277673663006057e-02
8.535533905932737309e-01,4.840982997477105698e-02
8.644843137107056652e-01,4.538468862779002078e-02
8.750555348152297963e-01,4.233342228289563303e-02
8.852566213878945156e-01,3.928021142520990439e-02
8.950775061878452066e-01,3.624735419750921284e-02
9.045084971874737256e-01,3.325529001421189540e-02
9.135402871372808598e-01,3.032263874579560481e-02
9.221639627510074266e-01,2.746625406273772024e-02
9.303710135019718219e-01,2.470128941788979349e-02
9.381533400219317365e-01,2.204127505383128571e-02
9.455032620941838939e-01,1.949820434793577903e-02
9.524135262330096774e-01,1.708262775317616333e-02
9.588773128419905145e-01,1.480375255745512361e-02
9.648882429441256736e-01,1.266954666866219534e-02
9.704403844771127829e-01,1.068684463670066184e-02
9.755282581475768211e-01,8.861454147214706950e-03
9.801468428384714215e-01,7.198261264270186532e-03
9.842915805643155380e-01,5.701332760249904624e-03
9.879583809693737173e-01,4.374013949955818381e-03
9.911436253643444161e-01,3.219020541453433693e-03
9.938441702975688852e-01,2.238523127477208552e-03
9.960573506572388824e-01,1.434223067001492991e-03
9.977809823015399981e-01,8.074186455169704568e-04
9.990133642141357795e-01,3.590605531412771612e-04
9.997532801828658000e-01,8.979588033461438634e-05
1.000000000000000000e+00,0.000000000000000000e+00
