x_over_L,Cp
3.084187958485307135e-05,9.997546406887415360e-01
1.542017881519530675e-04,9.881690409839488654e-01
4.008911680745963491e-04,9.646454156805037705e-01
7.708491524396066108e-04,9.307897616940875585e-01
1.263984459650119296e-03,8.881870542964046544e-01
1.880175415948009965e-03,8.386428133958936382e-01
2.619269985435074277e-03,7.840291950063631443e-01
3.481085807585604375e-03,7.261434233649876058e-01
4.465410242241146799e-03,6.666036569066247086e-01
5.572000422076173187e-03,6.067869822123477253e-01
6.800583312522090473e-03,5.478051785873031543e-01
8.150855779134352774e-03,4.905093811534572135e-01
9.622484662386382448e-03,4.355136794011165158e-01
1.121510685987170408e-02,3.832287877747415639e-01
1.292832941589400209e-02,3.338990325630770695e-01
1.476172961842309173e-02,2.876381542645828349e-01
1.671485510339271174e-02,2.444613552964688408e-01
1.878722396631471447e-02,2.043124541337081324e-01
2.097832488118170358e-02,1.670859502711964373e-01
2.328761722662908706e-02,1.326443523401799052e-01
2.571453121932529284e-02,1.008313872184716242e-01
2.825846805455731192e-02,7.148179157126077765e-02
3.091880005397679154e-02,4.442836536275651671e-02
3.369487082047029070e-02,1.950689166807983987e-02
3.658599540011545082e-02,-3.440567421960194494e-03
3.959146045118303037e-02,-2.456358500996791427e-02
4.271052442014339201e-02,-4.400216671673873314e-02
4.594241772463378282e-02,-6.188617835853693627e-02
4.928634294334119370e-02,-7.833521211749228108e-02
5.274147501275411321e-02,-9.345874751405269798e-02
5.630696143073465887e-02,-1.073565012604020819e-01
5.998192246686073759e-02,-1.201188887947521877e-01
6.376545137948630426e-02,-1.318275417936634053e-01
6.765661463946628928e-02,-1.425558420740820065e-01
7.165445216049101673e-02,-1.523694438254463712e-01
7.575797753597315887e-02,-1.613267644107023724e-01
7.996617828242866266e-02,-1.694794296402686307e-01
8.427801608929197386e-02,-1.768726630212074102e-01
8.869242707510366364e-02,-1.835456105377522018e-01
9.320832205000725845e-02,-1.895315930870131726e-01
9.782458678449049150e-02,-1.948582780775682810e-01
1.025400822843047510e-01,-1.995477597049282181e-01
1.073536450714949464e-01,-2.036165339155637799e-01
1.122640874714702364e-01,-2.070753485656180448e-01
1.172701979060449540e-01,-2.099289009450882038e-01
1.223707411923773691e-01,-2.121753422996535132e-01
1.275644588477326813e-01,-2.138055297864760451e-01
1.328500693999946913e-01,-2.148019362974451507e-01
1.382262687038498805e-01,-2.151370801766312457e-01
1.436917302625658754e-01,-2.147712558532610672e-01
1.492451055552845296e-01,-2.136492048923590570e-01
1.548850243697492690e-01,-2.116951065206622573e-01
1.606100951403845178e-01,-2.088047562865567031e-01
1.664189052916436873e-01,-2.048327200803208292e-01
1.723100215865411011e-01,-1.995697176791142446e-01
1.782819904802816491e-01,-1.926987002830489182e-01
1.843333384789012652e-01,-1.836959803170452599e-01
1.904625725028295802e-01,-1.715448656320546217e-01
1.966681802552848468e-01,-1.532234642164562732e-01
2.029486305954106562e-01,-1.304869301595505959e-01
2.093023739160620456e-01,-1.119433228727242380e-01
2.157278425261476840e-01,-9.947764649816459581e-02
2.222234510374344052e-01,-8.988289667718607490e-02
2.287875967557179424e-01,-8.210141596887443605e-02
2.354186600762636361e-01,-7.560065306163643584e-02
2.421150048834199708e-01,-7.006259814092663518e-02
2.488749789543052982e-01,-6.527818718187461400e-02
2.556969143664692967e-01,-6.110106875277354632e-02
2.625791279094278341e-01,-5.742412248425043941e-02
2.695199214999699500e-01,-5.416628213172658413e-02
2.765175826011345706e-01,-5.126458684298862423e-02
2.835703846447530374e-01,-4.866911473183033188e-02
2.906765874574546160e-01,-4.633961002543873775e-02
2.978344376900276536e-01,-4.424315698281211517e-02
3.050421692500324133e-01,-4.235252807957157195e-02
3.122980037375580054e-01,-4.064498172409125587e-02
3.196001508840161653e-01,-3.910136856442325559e-02
3.269468089938628586e-01,-3.770545504717470742e-02
3.343361653891397944e-01,-3.644340334250339986e-02
3.417663968567257737e-01,-3.530336604307948711e-02
3.492356700981871231e-01,-3.427516660792062630e-02
3.567421421821166394e-01,-3.335004490243886899e-02
3.642839609988494098e-01,-3.252045289839911035e-02
3.718592657174430993e-01,-3.177988956807675791e-02
3.794661872448099604e-01,-3.112276681697112579e-02
3.871028486868879348e-01,-3.054430032210286861e-02
3.947673658117361040e-01,-3.004042062268186264e-02
4.024578475144406364e-01,-2.960770091007458582e-02
4.101723962837164339e-01,-2.924329879563236645e-02
4.179091086700899016e-01,-2.894490997489196360e-02
4.256660757555465469e-01,-2.871073220918884950e-02
4.334413836245281648e-01,-2.853943844985495915e-02
4.412331138361625382e-01,-2.843015826468975327e-02
4.490393438976100771e-01,-2.838246701328883681e-02
4.568581477384101586e-01,-2.839638247453435405e-02
4.646875961857103721e-01,-2.847236887080661916e-02
4.725257574402609295e-01,-2.861134847266266767e-02
4.803706975530572243e-01,-2.881472121785377816e-02
4.882204809025127434e-01,-2.908439305379340034e-02
4.960731706720448164e-01,-2.942281402903756948e-02
5.039268293279550726e-01,-2.983302753699890175e-02
5.117795190974872011e-01,-3.031873257960082668e-02
5.196293024469427202e-01,-3.088436150404016978e-02
5.274742425597389595e-01,-3.153517641908298863e-02
5.353124038142895724e-01,-3.227738848380901082e-02
5.431418522615898414e-01,-3.311830557469841452e-02
5.509606561023898674e-01,-3.406651561175810805e-02
5.587668861638372952e-01,-3.513211526077952840e-02
5.665586163754716686e-01,-3.632699712690645732e-02
5.743339242444532866e-01,-3.766521337412731540e-02
5.820908913299100984e-01,-3.916344066433841142e-02
5.898276037162835106e-01,-4.084158155594330708e-02
5.975421524855593081e-01,-4.272355291532003996e-02
6.052326341882636740e-01,-4.483833563978434356e-02
6.128971513131119542e-01,-4.722139756659982091e-02
6.205338127551900396e-01,-4.991666275079009729e-02
6.281407342825569007e-01,-5.297930391965133268e-02
6.357160390011504791e-01,-5.647981746438257566e-02
6.432578578178832496e-01,-6.051017817689574585e-02
6.507643299018126548e-01,-6.519353474535516391e-02
6.582336031432740597e-01,-7.070031194717163459e-02
6.656638346108602056e-01,-7.727685643437953722e-02
6.730531910061370304e-01,-8.530141718251882388e-02
6.803998491159837236e-01,-9.540976787386168390e-02
6.877019962624417726e-01,-1.088507642568481426e-01
6.949578307499675311e-01,-1.292156136901156938e-01
7.021655623099722909e-01,-1.574432261413538647e-01
7.093234125425453840e-01,-1.812242717221006494e-01
7.164296153552469626e-01,-1.935886847380099418e-01
7.234824173988654294e-01,-1.999137868685509911e-01
7.304800785000300500e-01,-2.021900866619767978e-01
7.374208720905721659e-01,-2.014329825687177777e-01
7.443030856335307588e-01,-1.982834065783232180e-01
7.511250210456947851e-01,-1.931933428941663422e-01
7.578849951165800292e-01,-1.865043508627415303e-01
7.645813399237364472e-01,-1.784867747760490175e-01
7.712124032442821964e-01,-1.693615729471296127e-01
7.777765489625656503e-01,-1.593134757170162619e-01
7.842721574738523715e-01,-1.484994269855042237e-01
7.906976260839378989e-01,-1.370542864685437845e-01
7.970513694045892050e-01,-1.250948559649014413e-01
8.033318197447151254e-01,-1.127228349558251352e-01
8.095374274971705031e-01,-1.000270662820845757e-01
8.156666615210987903e-01,-8.708529511693741121e-02
8.217180095197182954e-01,-7.396558379736872801e-02
8.276899784134588156e-01,-6.072747609428175153e-02
8.335810947083562850e-01,-4.742297386376126411e-02
8.393899048596155099e-01,-3.409736939115837195e-02
8.451149756302507310e-01,-2.078996387102560739e-02
8.507548944447154149e-01,-7.534693893352484295e-03
8.563082697374340135e-01,5.639318032851559082e-03
8.617737312961499807e-01,1.870727688425422031e-02
8.671499306000052254e-01,3.164828325174628976e-02
8.724355411522672910e-01,4.444494898327522314e-02
8.776292588076226586e-01,5.708305457685913797e-02
8.827298020939550183e-01,6.955124364018283600e-02
8.877359125285296804e-01,8.184075052171535525e-02
8.926463549285050814e-01,9.394515785367163474e-02
8.974599177156952212e-01,1.058601812315675961e-01
9.021754132155095363e-01,1.175834786613324523e-01
9.067916779499927138e-01,1.291144827328422062e-01
9.113075729248962809e-01,1.404542537818336267e-01
9.157219839107079151e-01,1.516053525642599986e-01
9.200338217175711986e-01,1.625717312040856344e-01
9.242420224640266468e-01,1.733586414225993799e-01
9.283455478395088445e-01,1.839725592880314675e-01
9.323433853605337385e-01,1.944211259620126642e-01
9.362345486205136957e-01,2.047131041843427424e-01
9.400180775331392624e-01,2.148583505167647179e-01
9.436930385692653411e-01,2.248678036810447534e-01
9.472585249872458313e-01,2.347534897060711279e-01
9.507136570566587785e-01,2.445285450229234270e-01
9.540575822753660784e-01,2.542072591941049176e-01
9.572894755798565525e-01,2.638051396110321356e-01
9.604085395488168864e-01,2.733390013349342729e-01
9.634140045998844659e-01,2.828270863166014726e-01
9.663051291795297093e-01,2.922892176268307995e-01
9.690811999460232640e-01,3.017469961619033691e-01
9.717415319454427713e-01,3.112240497553747653e-01
9.742854687806747904e-01,3.207463479845588106e-01
9.767123827733709129e-01,3.303426005911503927e-01
9.790216751188182132e-01,3.400447639394088561e-01
9.812127760336851745e-01,3.498886892219589262e-01
9.832851448966072327e-01,3.599149595992625628e-01
9.852382703815769638e-01,3.701699834395123512e-01
9.870716705841060534e-01,3.807074410615310933e-01
9.887848931401282959e-01,3.915902292548649744e-01
9.903775153376136453e-01,4.028931224835475833e-01
9.918491442208656750e-01,4.147064921269554283e-01
9.931994166874779095e-01,4.271416330311520460e-01
9.944279995779238268e-01,4.403386138658755833e-01
9.955345897577587699e-01,4.544782467612485943e-01
9.965189141924143401e-01,4.698010966211529915e-01
9.973807300145649535e-01,4.866392076779948450e-01
9.981198245840520178e-01,5.054724283655969153e-01
9.987360155403499640e-01,5.270365966030311489e-01
9.992291508475603656e-01,5.525541523526081855e-01
9.995991088319253759e-01,5.843039845069413207e-01
9.998457982118480469e-01,6.273643891926887761e-01
9.999691581204150914e-01,6.924206722564459904e-01
